{
  "accuracy": [
    0.4082961976528168,
    0.7536424398422241,
    0.8624014258384705,
    0.9103531241416931,
    0.9345217943191528,
    0.9469918012619019,
    0.9572762846946716,
    0.9610472917556763,
    0.9748028516769409,
    0.9799022674560547,
    0.9802022576332092,
    0.9818306565284729,
    0.9828162789344788,
    0.9826020002365112,
    0.9842303991317749
  ],
  "val_accuracy": [
    0.26559844613075256,
    0.8815246224403381,
    0.900704026222229,
    0.8863801956176758,
    0.9905316829681396,
    0.9885894656181335,
    0.9155134558677673,
    0.989317774772644,
    0.9941733479499817,
    0.9934450387954712,
    0.9953872561454773,
    0.9956300258636475,
    0.9980577826499939,
    0.9851905703544617,
    0.9997572302818298
  ],
  "loss": [
    2.0081515312194824,
    0.7345201969146729,
    0.4133787155151367,
    0.2750982344150543,
    0.2016923725605011,
    0.16361257433891296,
    0.13407132029533386,
    0.11620654165744781,
    0.08325410634279251,
    0.06843016296625137,
    0.06830352544784546,
    0.061646778136491776,
    0.05876835435628891,
    0.05887332186102867,
    0.05419232323765755
  ],
  "val_loss": [
    2.4561350345611572,
    0.34577348828315735,
    0.31463173031806946,
    0.3351992070674896,
    0.03725586459040642,
    0.04860500991344452,
    0.23878464102745056,
    0.03763311356306076,
    0.021870123222470284,
    0.02610532008111477,
    0.023491181433200836,
    0.0186422448605299,
    0.012282966636121273,
    0.0568934790790081,
    0.007891892455518246
  ],
  "test_accuracy": 0.9959564805030823,
  "test_loss": 0.017791789025068283,
  "num_epochs_trained": 15
}